﻿<?xml version="1.0" encoding="utf-8"?>
<Defs>
	<!--
	<ThingDef ParentName="AvaliOnWallBase">
		<defName>RVFFA_WallLight</defName>
		<label>Avali Wall Light</label>
		<description>An avali wall lamp.</description>
		<graphicData>
			<texPath>RimValiFFA/WallLight/Wall_Light_Unlit</texPath>
			<graphicClass>Graphic_Multi</graphicClass>
			<drawSize>(1,1)</drawSize>
		</graphicData>
		<rotatable>true</rotatable>
		<statBases>
			<MaxHitPoints>10</MaxHitPoints>
			<WorkToBuild>100</WorkToBuild>
			<Flammability>0</Flammability>
			<Mass>2</Mass>
		</statBases>
		<comps>
			<li Class="CompProperties_Power">
				<compClass>CompPowerTrader</compClass>
				<basePowerConsumption>30</basePowerConsumption>
			</li>
			<li Class="CompProperties_Glower">
				<glowRadius>5</glowRadius>
				<glowColor>(255, 255, 255,0)</glowColor>
			</li>
			<li Class="RimValiCore.DrawCompProps">
				<texPath>RimValiFFA/WallLight/Wall_Light</texPath>
				<offset>(0,0,0)</offset>
			</li>
		</comps>
	</ThingDef>-->
</Defs>